Номер;Тип;Модель;Типоразмер;Диаметр ММ;Производительность м3/с;Давление(па);Мощность(ВТ);Уровень шума;Цена в рублях;nominal_rpm;pressure_coefficients;efficiency_coefficients;Num;h ed;D;D1;d;n;L;L1 max;L2;l;b;d1;B;H1;H
V13-284-4-4-15-456A4;Осевой;ВО 13-284-4/15°-4-56A4;56A4;405;0.25 - 0.70;52 - 223;120;-;-;1370;-;-;4;56 - 100;405;440;10;8;285;425;225;30;260;15;475;495;255
V13-284-4-4-20-456A4;Осевой;ВО 13-284-4/20°-4-56A4;56A4;405;0.36 - 0.82;59 - 33;120;-;-;1370;-;-;4;56 - 100;405;440;10;8;285;425;225;30;260;15;475;495;255
V13-284-4-4-25-456A4;Осевой;ВО 13-284-4/25°-4-56A4;56A4;405;0.53 - 0.95;62 - 43;120;-;-;1370;-;-;4;56 - 100;405;440;10;8;285;425;225;30;260;15;475;495;255
V13-284-4-4-30-456A4;Осевой;ВО 13-284-4/30°-4-56A4;56A4;405;0.72 - 1.10;65 - 55;120;-;-;1370;-;-;4;56 - 100;405;440;10;8;285;425;225;30;260;15;475;495;255
V13-284-4-4-15-456B2;Осевой;ВО 13-284-4/15°-4-56B2;56B2;405;0.51 - 1.40;209 - 90;250;-;-;2750;-;-;4;56 - 100;405;440;10;8;285;425;225;30;260;15;475;495;255
V13-284-4-4-20-463A2;Осевой;ВО 13-284-4/20°-4-63A2;63A2;405;0.74 - 1.60;240 - 131;370;-;-;2750;-;-;4;56 - 100;405;440;10;8;285;425;225;30;260;15;475;495;255
V13-284-4-4-25-463B2;Осевой;ВО 13-284-4/25°-4-63B2;63B2;405;1.01 - 1.90;250 - 175;550;-;-;2750;-;-;4;56 - 100;405;440;10;8;285;425;225;30;260;15;475;495;255
V13-284-4-4-30-463B2;Осевой;ВО 13-284-4/30°-4-63B2;63B2;405;1.40 - 2.10;260 - 220;550;-;-;2750;-;-;4;56 - 100;405;440;10;8;285;425;225;30;260;15;475;495;255
V13-284-4-6-15-456A4;Осевой;ВО 13-284-6/15°-4-56A4;56A4;405;0.29 - 0.76;69 - 26;120;-;-;1370;-;-;6;56 - 100;405;440;10;8;285;425;225;30;260;15;475;495;255
V13-284-4-6-20-456A4;Осевой;ВО 13-284-6/20°-4-56A4;56A4;405;0.36 - 0.88;75 - 39;120;-;-;1370;-;-;6;56 - 100;405;440;10;8;285;425;225;30;260;15;475;495;255
V13-284-4-6-25-456A4;Осевой;ВО 13-284-6/25°-4-56A4;56A4;405;0.52 - 1.08;82 - 51;120;-;-;1370;-;-;6;56 - 100;405;440;10;8;285;425;225;30;260;15;475;495;255
V13-284-4-6-30-456A4;Осевой;ВО 13-284-6/30°-4-56A4;56A4;405;0.68 - 1.13;87 - 63;120;-;-;1370;-;-;6;56 - 100;405;440;10;8;285;425;225;30;260;15;475;495;255
V13-284-4-6-15-463A2;Осевой;ВО 13-284-6/15°-4-63A2;63A2;405;0.58 - 1.47;280 - 105;370;-;-;2750;-;-;6;56 - 100;405;440;10;8;285;425;225;30;260;15;475;495;255
V13-284-4-6-20-463B2;Осевой;ВО 13-284-6/20°-4-63B2;63B2;405;0.72 - 1.77;308 - 155;550;-;-;2750;-;-;6;56 - 100;405;440;10;8;285;425;225;30;260;15;475;495;255
V13-284-4-6-25-471A2;Осевой;ВО 13-284-6/25°-4-71A2;71A2;405;1.10 - 2.10;345 - 213;750;-;-;2800;-;-;6;56 - 100;405;440;10;8;285;425;225;30;260;15;475;495;255
V13-284-4-6-30-471B2;Осевой;ВО 13-284-6/30°-4-71B2;71B2;405;1.40 - 2.30;365 - 264;1100;-;-;2800;-;-;6;56 - 100;405;440;10;8;285;425;225;30;260;15;475;495;255
V13-284-4-8-20-463A4;Осевой;ВО 13-284-8/20°-4-63A4;63A4;405;0.41 - 0.92;85 - 41;250;-;-;1370;-;-;8;56 - 100;405;440;10;8;285;425;225;30;260;15;475;495;255
V13-284-4-8-25-463A4;Осевой;ВО 13-284-8/25°-4-63A4;63A4;405;0.49 - 1.10;97 - 56;250;-;-;1370;-;-;8;56 - 100;405;440;10;8;285;425;225;30;260;15;475;495;255
V13-284-4-8-30-463A4;Осевой;ВО 13-284-8/30°-4-63A4;63A4;405;0.72 - 1.20;100 - 68;250;-;-;1370;-;-;8;56 - 100;405;440;10;8;285;425;225;30;260;15;475;495;255
V13-284-4-8-20-463B2;Осевой;ВО 13-284-8/20°-4-63B2;63B2;405;0.82 - 1.80;350 - 167;550;-;-;2750;-;-;8;56 - 100;405;440;10;8;285;425;225;30;260;15;475;495;255
V13-284-4-8-25-471B2;Осевой;ВО 13-284-8/25°-4-71B2;71B2;405;1.00 - 2.20;410 - 235;1100;-;-;2800;-;-;8;56 - 100;405;440;10;8;285;425;225;30;260;15;475;495;255
V13-284-4-8-30-471B2;Осевой;ВО 13-284-8/30°-4-71B2;71B2;405;1.48 - 2.40;420 - 282;1100;-;-;2800;-;-;8;56 - 100;405;440;10;8;285;425;225;30;260;15;475;495;255
V13-284-4-10-20-463A4;Осевой;ВО 13-284-10/20°-4-63A4;63A4;405;0.42 - 0.94;95 - 44;250;-;-;1370;-;-;10;56 - 100;405;440;10;8;285;425;225;30;260;15;475;495;255
V13-284-4-10-25-463A4;Осевой;ВО 13-284-10/25°-4-63A4;63A4;405;0.51 - 1.10;110 - 61;250;-;-;1370;-;-;10;56 - 100;405;440;10;8;285;425;225;30;260;15;475;495;255
V13-284-4-10-30-463A4;Осевой;ВО 13-284-10/30°-4-63A4;63A4;405;0.73 - 1.20;110 - 71;250;-;-;1370;-;-;10;56 - 100;405;440;10;8;285;425;225;30;260;15;475;495;255
V13-284-4-10-20-463B2;Осевой;ВО 13-284-10/20°-4-63B2;63B2;405;0.83 - 1.90;380 - 177;550;-;-;2750;-;-;10;56 - 100;405;440;10;8;285;425;225;30;260;15;475;495;255
V13-284-4-10-25-471B2;Осевой;ВО 13-284-10/25°-4-71B2;71B2;405;1.00 - 2.30;465 - 254;1100;-;-;2800;-;-;10;56 - 100;405;440;10;8;285;425;225;30;260;15;475;495;255
V13-284-4-10-30-471B2;Осевой;ВО 13-284-10/30°-4-71B2;71B2;405;1.50 - 2.40;467 - 297;1100;-;-;2800;-;-;10;56 - 100;405;440;10;8;285;425;225;30;260;15;475;495;255
V13-284-5-4-15-563B4;Осевой;ВО 13-284-4/15°-5-63B4;63B4;505;0.50 - 1.40;80 - 35;370;-;-;1370;-;-;4;56 - 90, 100;505;540;10;16;285;380;225;30;380;15;575;595;305
V13-284-5-4-20-563B4;Осевой;ВО 13-284-4/20°-5-63B4;63B4;505;0.70 - 1.60;90 - 50;370;-;-;1370;-;-;4;56 - 90, 100;505;540;10;16;285;380;225;30;380;15;575;595;305
V13-284-5-4-25-563B4;Осевой;ВО 13-284-4/25°-5-63B4;63B4;505;1.00 - 1.80;100 - 65;370;-;-;1370;-;-;4;56 - 90, 100;505;540;10;16;285;380;225;30;380;15;575;595;305
V13-284-5-4-30-563B4;Осевой;ВО 13-284-4/30°-5-63B4;63B4;505;1.40 - 2.10;100 - 85;370;-;-;1370;-;-;4;56 - 90, 100;505;540;10;16;285;380;225;30;380;15;575;595;305
V13-284-5-4-15-571A2;Осевой;ВО 13-284-4/15°-5-71A2;71A2;505;1.00 - 2.80;340 - 145;750;-;-;2800;-;-;4;56 - 90, 100;505;540;10;16;285;380;225;30;380;15;575;595;305
V13-284-5-4-20-571B2;Осевой;ВО 13-284-4/20°-5-71B2;71B2;505;1.40 - 3.30;385 - 210;1100;-;-;2800;-;-;4;56 - 90, 100;505;540;10;16;285;380;225;30;380;15;575;595;305
V13-284-5-4-25-580A2;Осевой;ВО 13-284-4/25°-5-80A2;80A2;505;2.10 - 3.80;410 - 285;1500;-;-;2800;-;-;4;56 - 90, 100;505;540;10;16;285;380;225;30;380;15;575;595;305
V13-284-5-4-30-580B2;Осевой;ВО 13-284-4/30°-5-80B2;80B2;505;2.80 - 4.20;425 - 360;2200;-;-;2800;-;-;4;56 - 90, 100;505;540;10;16;285;380;225;30;380;15;575;595;305
V13-284-5-6-15-563B4;Осевой;ВО 13-284-6/15°-5-63B4;63B4;505;0.60 - 1.40;110 - 40;370;-;-;1370;-;-;6;56 - 90, 100;505;540;10;16;285;380;225;30;380;15;575;595;305
V13-284-5-6-20-563B4;Осевой;ВО 13-284-6/20°-5-63B4;63B4;505;0.70 - 1.70;120 - 60;370;-;-;1370;-;-;6;56 - 90, 100;505;540;10;16;285;380;225;30;380;15;575;595;305
V13-284-5-6-25-563B4;Осевой;ВО 13-284-6/25°-5-63B4;63B4;505;1.00 - 2.00;130 - 80;370;-;-;1370;-;-;6;56 - 90, 100;505;540;10;16;285;380;225;30;380;15;575;595;305
V13-284-5-6-30-563B4;Осевой;ВО 13-284-6/30°-5-63B4;63B4;505;1.30 - 2.20;135 - 100;370;-;-;1370;-;-;6;56 - 90, 100;505;540;10;16;285;380;225;30;380;15;575;595;305
V13-284-5-6-15-571B2;Осевой;ВО 13-284-6/15°-5-71B2;71B2;505;1.20 - 2.90;450 - 170;1100;-;-;2800;-;-;6;56 - 90, 100;505;540;10;16;285;380;225;30;380;15;575;595;305
V13-284-5-6-20-580A2;Осевой;ВО 13-284-6/20°-5-80A2;80A2;505;1.40 - 3.50;500 - 250;1500;-;-;2800;-;-;6;56 - 90, 100;505;540;10;16;285;380;225;30;380;15;575;595;305
V13-284-5-6-25-580B2;Осевой;ВО 13-284-6/25°-5-80B2;80B2;505;2.10 - 4.00;540 - 330;2200;-;-;2800;-;-;6;56 - 90, 100;505;540;10;16;285;380;225;30;380;15;575;595;305
V13-284-5-8-20-563B4;Осевой;ВО 13-284-8/20°-5-63B4;63B4;505;0.80 - 1.80;135 - 65;370;-;-;1370;-;-;8;56 - 90, 100;505;540;10;16;285;380;225;30;380;15;575;595;305
V13-284-5-8-25-563B4;Осевой;ВО 13-284-8/25°-5-63B4;63B4;505;1.00 - 2.10;155 - 90;370;-;-;1370;-;-;8;56 - 90, 100;505;540;10;16;285;380;225;30;380;15;575;595;305
V13-284-5-8-30-563B4;Осевой;ВО 13-284-8/30°-5-63B4;63B4;505;1.40 - 2.30;155 - 105;370;-;-;1370;-;-;8;56 - 90, 100;505;540;10;16;285;380;225;30;380;15;575;595;305
V13-284-5-8-20-580B2;Осевой;ВО 13-284-8/20°-5-80B2;80B2;505;1.60 - 3.70;565 - 270;2200;-;-;2800;-;-;8;56 - 90, 100;505;540;10;16;285;380;225;30;380;15;575;595;305
V13-284-5-10-20-563B4;Осевой;ВО 13-284-10/20°-5-63B4;63B4;505;0.80 - 1.80;145 - 70;370;-;-;1370;-;-;10;56 - 90, 100;505;540;10;16;285;380;225;30;380;15;575;595;305
V13-284-5-10-25-563B4;Осевой;ВО 13-284-10/25°-5-63B4;63B4;505;1.00 - 2.20;175 - 95;370;-;-;1370;-;-;10;56 - 90, 100;505;540;10;16;285;380;225;30;380;15;575;595;305
V13-284-5-10-30-563B4;Осевой;ВО 13-284-10/30°-5-63B4;63B4;505;1.40 - 2.40;175 - 110;370;-;-;1370;-;-;10;56 - 90, 100;505;540;10;16;285;380;225;30;380;15;575;595;305
V13-284-5-10-20-580B2;Осевой;ВО 13-284-10/20°-5-80B2;80B2;505;1.70 - 3.80;615 - 285;2200;-;-;2800;-;-;10;56 - 90, 100;505;540;10;16;285;380;225;30;380;15;575;595;305
V13-284-6.3-4-15-6.371A6;Осевой;ВО 13-284-4/15°-6,3-71A6;71A6;635;1.65 - 1.75;55 - 25;370;-;-;880;-;-;4;63 - 132;635;670;10;16;385;580;325;30;500;15;705;725;370
V13-284-6.3-4-20-6.371A6;Осевой;ВО 13-284-4/20°-6,3-71A6;71A6;635;0.90 - 2.00;60 - 35;370;-;-;880;-;-;4;63 - 132;635;670;10;16;385;580;325;30;500;15;705;725;370
V13-284-6.3-4-25-6.371A6;Осевой;ВО 13-284-4/25°-6,3-71A6;71A6;635;1.30 - 2.40;65 - 45;370;-;-;880;-;-;4;63 - 132;635;670;10;16;385;580;325;30;500;15;705;725;370
V13-284-6.3-4-15-6.371B4;Осевой;ВО 13-284-4/15°-6,3-71B4;71B4;635;1.00 - 2.70;130 - 55;750;-;-;1370;-;-;4;63 - 132;635;670;10;16;385;580;325;30;500;15;705;725;370
V13-284-6.3-4-20-6.371B4;Осевой;ВО 13-284-4/20°-6,3-71B4;71B4;635;1.40 - 3.20;145 - 80;750;-;-;1370;-;-;4;63 - 132;635;670;10;16;385;580;325;30;500;15;705;725;370
V13-284-6.3-4-25-6.371B4;Осевой;ВО 13-284-4/25°-6,3-71B4;71B4;635;2.00 - 3.70;155 - 105;750;-;-;1370;-;-;4;63 - 132;635;670;10;16;385;580;325;30;500;15;705;725;370
V13-284-6.3-4-30-6.371B4;Осевой;ВО 13-284-4/30°-6,3-71B4;71B4;635;2.80 - 4.10;160 - 135;750;-;-;1370;-;-;4;63 - 132;635;670;10;16;385;580;325;30;500;15;705;725;370
V13-284-6.3-4-15-6.390L2;Осевой;ВО 13-284-4/15°-6,3-90L2;90L2;635;2.10 - 5.60;570 - 240;3000;-;-;2840;-;-;4;63 - 132;635;670;10;16;385;580;325;30;500;15;705;725;370
V13-284-6.3-4-20-6.3100S2;Осевой;ВО 13-284-4/20°-6,3-100S2;100S2;635;3.00 - 6.80;640 - 360;4000;-;-;2840;-;-;4;63 - 132;635;670;10;16;385;580;325;30;500;15;705;725;370
V13-284-6.3-6-15-6.371A6;Осевой;ВО 13-284-6/15°-6,3-71A6;71A6;635;0.73 - 1.80;72 - 30;370;-;-;880;-;-;6;63 - 132;635;670;10;16;385;580;325;30;500;15;705;725;370
V13-284-6.3-6-20-6.371A6;Осевой;ВО 13-284-6/20°-6,3-71A6;71A6;635;0.91 - 2.20;81 - 41;370;-;-;880;-;-;6;63 - 132;635;670;10;16;385;580;325;30;500;15;705;725;370
V13-284-6.3-6-25-6.371A6;Осевой;ВО 13-284-6/25°-6,3-71A6;71A6;635;1.70 - 2.60;88 - 55;370;-;-;880;-;-;6;63 - 132;635;670;10;16;385;580;325;30;500;15;705;725;370
V13-284-6.3-6-15-6.371B4;Осевой;ВО 13-284-6/15°-6,3-71B4;71B4;635;1.10 - 2.90;170 - 65;750;-;-;1370;-;-;6;63 - 132;635;670;10;16;385;580;325;30;500;15;705;725;370
V13-284-6.3-6-20-6.371B4;Осевой;ВО 13-284-6/20°-6,3-71B4;71B4;635;1.40 - 3.50;190 - 95;750;-;-;1370;-;-;6;63 - 132;635;670;10;16;385;580;325;30;500;15;705;725;370
V13-284-6.3-6-25-6.371B4;Осевой;ВО 13-284-6/25°-6,3-71B4;71B4;635;2.00 - 3.90;205 - 125;750;-;-;1370;-;-;6;63 - 132;635;670;10;16;385;580;325;30;500;15;705;725;370
V13-284-6.3-6-30-6.380A4;Осевой;ВО 13-284-6/30°-6,3-80A4;80A4;635;2.70 - 4.40;215 - 155;1100;-;-;1370;-;-;6;63 - 132;635;670;10;16;385;580;325;30;500;15;705;725;370
V13-284-6.3-6-20-6.3100L2;Осевой;ВО 13-284-6/20°-6,3-100L2;100L2;635;4.30 - 7.70;695 - 480;5500;-;-;2840;-;-;6;63 - 132;635;670;10;16;385;580;325;30;500;15;705;725;370
V13-284-6.3-8-20-6.371A6;Осевой;ВО 13-284-8/20°-6,3-71A6;71A6;635;1.00 - 2.30;95 - 45;370;-;-;880;-;-;8;63 - 132;635;670;10;16;385;580;325;30;500;15;705;725;370
V13-284-6.3-8-25-6.371A6;Осевой;ВО 13-284-8/25°-6,3-71A6;71A6;635;1.30 - 2.70;110 - 62;370;-;-;880;-;-;8;63 - 132;635;670;10;16;385;580;325;30;500;15;705;725;370
V13-284-6.3-8-30-6.371A6;Осевой;ВО 13-284-8/30°-6,3-71A6;71A6;635;1.90 - 3.00;113 - 74;370;-;-;880;-;-;8;63 - 132;635;670;10;16;385;580;325;30;500;15;705;725;370
V13-284-6.3-8-20-6.371B4;Осевой;ВО 13-284-8/20°-6,3-71B4;71B4;635;1.60 - 3.60;215 - 100;750;-;-;1370;-;-;8;63 - 132;635;670;10;16;385;580;325;30;500;15;705;725;370
V13-284-6.3-8-25-6.380A4;Осевой;ВО 13-284-8/25°-6,3-80A4;80A4;635;1.90 - 4.20;245 - 140;1100;-;-;1370;-;-;8;63 - 132;635;670;10;16;385;580;325;30;500;15;705;725;370
V13-284-6.3-8-30-6.380B4;Осевой;ВО 13-284-8/30°-6,3-80B4;80B4;635;2.80 - 4.60;250 - 165;1500;-;-;1370;-;-;8;63 - 132;635;670;10;16;385;580;325;30;500;15;705;725;370
V13-284-6.3-10-20-6.371A6;Осевой;ВО 13-284-10/20°-6,3-71A6;71A6;635;1.10 - 2.40;102 - 48;370;-;-;880;-;-;10;63 - 132;635;670;10;16;385;580;325;30;500;15;705;725;370
V13-284-6.3-10-25-6.371A6;Осевой;ВО 13-284-10/25°-6,3-71A6;71A6;635;1.30 - 2.80;113 - 68;370;-;-;880;-;-;10;63 - 132;635;670;10;16;385;580;325;30;500;15;705;725;370
V13-284-6.3-10-30-6.371B6;Осевой;ВО 13-284-10/30°-6,3-71B6;71B6;635;1.90 - 3.00;121 - 77;550;-;-;880;-;-;10;63 - 132;635;670;10;16;385;580;325;30;500;15;705;725;370
V13-284-6.3-10-20-6.371B4;Осевой;ВО 13-284-10/20°-6,3-71B4;71B4;635;1.60 - 3.70;235 - 110;750;-;-;1370;-;-;10;63 - 132;635;670;10;16;385;580;325;30;500;15;705;725;370
V13-284-6.3-10-25-6.380A4;Осевой;ВО 13-284-10/25°-6,3-80A4;80A4;635;2.00 - 4.40;275 - 150;1100;-;-;1370;-;-;10;63 - 132;635;670;10;16;385;580;325;30;500;15;705;725;370
V13-284-6.3-10-30-6.380B4;Осевой;ВО 13-284-10/30°-6,3-80B4;80B4;635;2.80 - 4.70;280 - 175;1500;-;-;1370;-;-;10;63 - 132;635;670;10;16;385;580;325;30;500;15;705;725;370
V13-284-7.1-4-15-7.180A6;Осевой;ВО 13-284-4/15°-7,1-80A6;80A6;720;0.90 - 2.60;70 - 30;750;-;-;910;-;-;4;71 - 132, 160;720;760;10;16;385;500;325;30;580;15;790;810;410
V13-284-7.1-4-20-7.180A6;Осевой;ВО 13-284-4/20°-7,1-80A6;80A6;720;1.30 - 3.00;80 - 45;750;-;-;910;-;-;4;71 - 132, 160;720;760;10;16;385;500;325;30;580;15;790;810;410
V13-284-7.1-4-25-7.180A6;Осевой;ВО 13-284-4/25°-7,1-80A6;80A6;720;1.90 - 3.50;85 - 60;750;-;-;910;-;-;4;71 - 132, 160;720;760;10;16;385;500;325;30;580;15;790;810;410
V13-284-7.1-4-30-7.180A6;Осевой;ВО 13-284-4/30°-7,1-80A6;80A6;720;2.70 - 3.90;90 - 75;750;-;-;910;-;-;4;71 - 132, 160;720;760;10;16;385;500;325;30;580;15;790;810;410
V13-284-7.1-4-15-7.180A4;Осевой;ВО 13-284-4/15°-7,1-80A4;80A4;720;1.40 - 3.80;160 - 70;1100;-;-;1370;-;-;4;71 - 132, 160;720;760;10;16;385;500;325;30;580;15;790;810;410
V13-284-7.1-4-20-7.180A4;Осевой;ВО 13-284-4/20°-7,1-80A4;80A4;720;2.00 - 4.50;185 - 100;1100;-;-;1370;-;-;4;71 - 132, 160;720;760;10;16;385;500;325;30;580;15;790;810;410
V13-284-7.1-4-25-7.180B4;Осевой;ВО 13-284-4/25°-7,1-80B4;80B4;720;2.90 - 5.20;195 - 135;1500;-;-;1370;-;-;4;71 - 132, 160;720;760;10;16;385;500;325;30;580;15;790;810;410
V13-284-7.1-4-30-7.190L4;Осевой;ВО 13-284-4/30°-7,1-90L4;90L4;720;4.00 - 5.90;205 - 170;2200;-;-;1400;-;-;4;71 - 132, 160;720;760;10;16;385;500;325;30;580;15;790;810;410
V13-284-7.1-6-15-7.180A6;Осевой;ВО 13-284-6/15°-7,1-80A6;80A6;720;1.00 - 2.70;95 - 35;750;-;-;910;-;-;6;71 - 132, 160;720;760;10;16;385;500;325;30;580;15;790;810;410
V13-284-7.1-6-20-7.180A6;Осевой;ВО 13-284-6/20°-7,1-80A6;80A6;720;1.30 - 3.20;105 - 50;750;-;-;910;-;-;6;71 - 132, 160;720;760;10;16;385;500;325;30;580;15;790;810;410
V13-284-7.1-6-25-7.180A6;Осевой;ВО 13-284-6/25°-7,1-80A6;80A6;720;1.90 - 3.70;115 - 70;750;-;-;910;-;-;6;71 - 132, 160;720;760;10;16;385;500;325;30;580;15;790;810;410
V13-284-7.1-6-30-7.180A6;Осевой;ВО 13-284-6/30°-7,1-80A6;80A6;720;2.50 - 4.20;120 - 85;750;-;-;910;-;-;6;71 - 132, 160;720;760;10;16;385;500;325;30;580;15;790;810;410
V13-284-7.1-6-15-7.180A4;Осевой;ВО 13-284-6/15°-7,1-80A4;80A4;720;1.60 - 4.00;215 - 80;1100;-;-;1370;-;-;6;71 - 132, 160;720;760;10;16;385;500;325;30;580;15;790;810;410
V13-284-7.1-6-20-7.180B4;Осевой;ВО 13-284-6/20°-7,1-80B4;80B4;720;2.00 - 4.90;240 - 120;1500;-;-;1370;-;-;6;71 - 132, 160;720;760;10;16;385;500;325;30;580;15;790;810;410
V13-284-7.1-6-25-7.190L4;Осевой;ВО 13-284-6/25°-7,1-90L4;90L4;720;3.00 - 5.70;270 - 165;2200;-;-;1400;-;-;6;71 - 132, 160;720;760;10;16;385;500;325;30;580;15;790;810;410
V13-284-7.1-6-30-7.1100S4;Осевой;ВО 13-284-6/30°-7,1-100S4;100S4;720;3.90 - 6.40;285 - 205;3000;-;-;1400;-;-;6;71 - 132, 160;720;760;10;16;385;500;325;30;580;15;790;810;410
V13-284-7.1-8-20-7.180A6;Осевой;ВО 13-284-8/20°-7,1-80A6;80A6;720;1.50 - 3.40;120 - 55;750;-;-;910;-;-;8;71 - 132, 160;720;760;10;16;385;500;325;30;580;15;790;810;410
V13-284-7.1-8-25-7.180A6;Осевой;ВО 13-284-8/25°-7,1-80A6;80A6;720;1.80 - 3.90;135 - 75;750;-;-;910;-;-;8;71 - 132, 160;720;760;10;16;385;500;325;30;580;15;790;810;410
V13-284-7.1-8-30-7.180B6;Осевой;ВО 13-284-8/30°-7,1-80B6;80B6;720;2.60 - 4.40;140 - 90;1100;-;-;910;-;-;8;71 - 132, 160;720;760;10;16;385;500;325;30;580;15;790;810;410
V13-284-7.1-8-20-7.190L4;Осевой;ВО 13-284-8/20°-7,1-90L4;90L4;720;2.30 - 5.20;285 - 135;2200;-;-;1400;-;-;8;71 - 132, 160;720;760;10;16;385;500;325;30;580;15;790;810;410
V13-284-7.1-8-25-7.1100S4;Осевой;ВО 13-284-8/25°-7,1-100S4;100S4;720;2.80 - 6.10;320 - 185;3000;-;-;1400;-;-;8;71 - 132, 160;720;760;10;16;385;500;325;30;580;15;790;810;410
V13-284-7.1-8-30-7.1100S4;Осевой;ВО 13-284-8/30°-7,1-100S4;100S4;720;4.10 - 6.70;330 - 220;3000;-;-;1400;-;-;8;71 - 132, 160;720;760;10;16;385;500;325;30;580;15;790;810;410
V13-284-7.1-10-20-7.180A6;Осевой;ВО 13-284-10/20°-7,1-80A6;80A6;720;1.50 - 3.60;130 - 60;750;-;-;910;-;-;10;71 - 132, 160;720;760;10;16;385;500;325;30;580;15;790;810;410
V13-284-7.1-10-25-7.180A6;Осевой;ВО 13-284-10/25°-7,1-80A6;80A6;720;1.90 - 4.10;150 - 80;750;-;-;910;-;-;10;71 - 132, 160;720;760;10;16;385;500;325;30;580;15;790;810;410
V13-284-7.1-10-30-7.180B6;Осевой;ВО 13-284-10/30°-7,1-80B6;80B6;720;2.70 - 4.50;155 - 95;1100;-;-;910;-;-;10;71 - 132, 160;720;760;10;16;385;500;325;30;580;15;790;810;410
V13-284-7.1-10-20-7.190L4;Осевой;ВО 13-284-10/20°-7,1-90L4;90L4;720;2.30 - 5.30;310 - 140;2200;-;-;1400;-;-;10;71 - 132, 160;720;760;10;16;385;500;325;30;580;15;790;810;410
V13-284-7.1-10-25-7.1100S4;Осевой;ВО 13-284-10/25°-7,1-100S4;100S4;720;2.90 - 6.40;365 - 190;3000;-;-;1400;-;-;10;71 - 132, 160;720;760;10;16;385;500;325;30;580;15;790;810;410
V13-284-7.1-10-30-7.1100L4;Осевой;ВО 13-284-10/30°-7,1-100L4;100L4;720;4.10 - 6.80;365 - 230;4000;-;-;1400;-;-;10;71 - 132, 160;720;760;10;16;385;500;325;30;580;15;790;810;410
V13-284-8-4-15-880A6;Осевой;ВО 13-284-4/15°-8-80A6;80A6;810;1.30 - 3.70;90 - 40;750;-;-;910;-;-;4;80 - 100, 112 - 160;810;850;10;16;385;485;325;30;650;15;880;900;455
V13-284-8-4-20-880A6;Осевой;ВО 13-284-4/20°-8-80A6;80A6;810;1.90 - 4.30;105 - 55;750;-;-;910;-;-;4;80 - 100, 112 - 160;810;850;10;16;385;485;325;30;650;15;880;900;455
V13-284-8-4-25-880A6;Осевой;ВО 13-284-4/25°-8-80A6;80A6;810;2.80 - 5.00;110 - 75;750;-;-;910;-;-;4;80 - 100, 112 - 160;810;850;10;16;385;485;325;30;650;15;880;900;455
V13-284-8-4-15-880A4;Осевой;ВО 13-284-4/15°-8-80A4;80A4;810;2.00 - 5.50;205 - 90;1100;-;-;1370;-;-;4;80 - 100, 112 - 160;810;850;10;16;385;485;325;30;650;15;880;900;455
V13-284-8-4-20-880B4;Осевой;ВО 13-284-4/20°-8-80B4;80B4;810;2.90 - 6.50;235 - 130;1500;-;-;1370;-;-;4;80 - 100, 112 - 160;810;850;10;16;385;485;325;30;650;15;880;900;455
V13-284-8-4-25-890L4;Осевой;ВО 13-284-4/25°-8-90L4;90L4;810;4.20 - 7.70;269 - 180;2200;-;-;1400;-;-;4;80 - 100, 112 - 160;810;850;10;16;385;485;325;30;650;15;880;900;455
V13-284-8-4-30-8100S4;Осевой;ВО 13-284-4/30°-8-100S4;100S4;810;5.90 - 8.60;270 - 230;3000;-;-;1400;-;-;4;80 - 100, 112 - 160;810;850;10;16;385;485;325;30;650;15;880;900;455
V13-284-8-6-15-880A6;Осевой;ВО 13-284-6/15°-8-80A6;80A6;810;1.50 - 3.90;120 - 45;750;-;-;910;-;-;6;80 - 100, 112 - 160;810;850;10;16;385;485;325;30;650;15;880;900;455
V13-284-8-6-20-880A6;Осевой;ВО 13-284-6/20°-8-80A6;80A6;810;1.90 - 4.70;135 - 70;750;-;-;910;-;-;6;80 - 100, 112 - 160;810;850;10;16;385;485;325;30;650;15;880;900;455
V13-284-8-6-25-880A6;Осевой;ВО 13-284-6/25°-8-80A6;80A6;810;2.80 - 5.40;145 - 90;750;-;-;910;-;-;6;80 - 100, 112 - 160;810;850;10;16;385;485;325;30;650;15;880;900;455
V13-284-8-6-30-880B6;Осевой;ВО 13-284-6/30°-8-80B6;80B6;810;3.60 - 6.00;155 - 110;1100;-;-;910;-;-;6;80 - 100, 112 - 160;810;850;10;16;385;485;325;30;650;15;880;900;455
V13-284-8-6-20-890L4;Осевой;ВО 13-284-6/20°-8-90L4;90L4;810;2.90 - 7.20;320 - 160;2200;-;-;1400;-;-;6;80 - 100, 112 - 160;810;850;10;16;385;485;325;30;650;15;880;900;455
V13-284-8-6-25-8100S4;Осевой;ВО 13-284-6/25°-8-100S4;100S4;810;4.30 - 8.20;345 - 210;3000;-;-;1400;-;-;6;80 - 100, 112 - 160;810;850;10;16;385;485;325;30;650;15;880;900;455
V13-284-8-6-30-8100L4;Осевой;ВО 13-284-6/30°-8-100L4;100L4;810;5.60 - 9.20;365 - 265;4000;-;-;1400;-;-;6;80 - 100, 112 - 160;810;850;10;16;385;485;325;30;650;15;880;900;455
V13-284-8-8-20-890L6;Осевой;ВО 13-284-8/20°-8-90L6;90L6;810;2.20 - 4.90;150 - 75;1500;-;-;910;-;-;8;80 - 100, 112 - 160;810;850;10;16;385;485;325;30;650;15;880;900;455
V13-284-8-8-25-890L6;Осевой;ВО 13-284-8/25°-8-90L6;90L6;810;2.60 - 5.70;170 - 100;1500;-;-;910;-;-;8;80 - 100, 112 - 160;810;850;10;16;385;485;325;30;650;15;880;900;455
V13-284-8-8-30-890L6;Осевой;ВО 13-284-8/30°-8-90L6;90L6;810;3.80 - 6.20;175 - 120;1500;-;-;910;-;-;8;80 - 100, 112 - 160;810;850;10;16;385;485;325;30;650;15;880;900;455
V13-284-8-8-20-890L4;Осевой;ВО 13-284-8/20°-8-90L4;90L4;810;3.30 - 7.50;360 - 175;2200;-;-;1400;-;-;8;80 - 100, 112 - 160;810;850;10;16;385;485;325;30;650;15;880;900;455
V13-284-8-8-25-8100L4;Осевой;ВО 13-284-8/25°-8-100L4;100L4;810;4.00 - 8.80;410 - 235;4000;-;-;1400;-;-;8;80 - 100, 112 - 160;810;850;10;16;385;485;325;30;650;15;880;900;455
V13-284-8-8-30-8100L4;Осевой;ВО 13-284-8/30°-8-100L4;100L4;810;5.90 - 9.60;420 - 280;4000;-;-;1400;-;-;8;80 - 100, 112 - 160;810;850;10;16;385;485;325;30;650;15;880;900;455
V13-284-8-10-20-890L6;Осевой;ВО 13-284-10/20°-8-90L6;90L6;810;2.20 - 5.00;165 - 75;1500;-;-;910;-;-;10;80 - 100, 112 - 160;810;850;10;16;385;485;325;30;650;15;880;900;455
V13-284-8-10-25-890L6;Осевой;ВО 13-284-10/25°-8-90L6;90L6;810;2.70 - 6.00;195 - 105;1500;-;-;910;-;-;10;80 - 100, 112 - 160;810;850;10;16;385;485;325;30;650;15;880;900;455
V13-284-8-10-30-890L6;Осевой;ВО 13-284-10/30°-8-90L6;90L6;810;3.90 - 6.40;195 - 125;1500;-;-;910;-;-;10;80 - 100, 112 - 160;810;850;10;16;385;485;325;30;650;15;880;900;455
V13-284-8-10-20-8100S4;Осевой;ВО 13-284-10/20°-8-100S4;100S4;810;3.40 - 7.70;395 - 185;3000;-;-;1400;-;-;10;80 - 100, 112 - 160;810;850;10;16;385;485;325;30;650;15;880;900;455
V13-284-8-10-25-8100L4;Осевой;ВО 13-284-10/25°-8-100L4;100L4;810;4.20 - 9.20;465 - 225;4000;-;-;1400;-;-;10;80 - 100, 112 - 160;810;850;10;16;385;485;325;30;650;15;880;900;455
V13-284-8-10-30-8112M4;Осевой;ВО 13-284-10/30°-8-112M4;112M4;810;6.00 - 9.90;465 - 295;5500;-;-;1400;-;-;10;80 - 100, 112 - 160;810;850;10;16;485;750;425;30;650;15;880;900;455
V13-284-9-4-15-9100L6;Осевой;ВО 13-284-4/15°-9-100L6;100L6;910;1.90 - 5.20;115 - 45;2200;-;-;910;-;-;4;80 - 100, 112 - 160, 180;910;950;10;16;485;790;425;30;750;15;990;1000;505
V13-284-9-4-20-9100L6;Осевой;ВО 13-284-4/20°-9-100L6;100L6;910;2.70 - 6.10;130 - 70;2200;-;-;910;-;-;4;80 - 100, 112 - 160, 180;910;950;10;16;485;790;425;30;750;15;990;1000;505
V13-284-9-4-25-9100L6;Осевой;ВО 13-284-4/25°-9-100L6;100L6;910;3.90 - 7.10;140 - 95;2200;-;-;910;-;-;4;80 - 100, 112 - 160, 180;910;950;10;16;485;790;425;30;750;15;990;1000;505
V13-284-9-4-30-9100L6;Осевой;ВО 13-284-4/30°-9-100L6;100L6;910;5.40 - 7.90;145 - 120;2200;-;-;910;-;-;4;80 - 100, 112 - 160, 180;910;950;10;16;485;790;425;30;750;15;990;1000;505
V13-284-9-4-15-9100S4;Осевой;ВО 13-284-4/15°-9-100S4;100S4;910;2.90 - 8.00;270 - 115;3000;-;-;1400;-;-;4;80 - 100, 112 - 160, 180;910;950;10;16;485;790;425;30;750;15;990;1000;505
V13-284-9-4-20-9100L4;Осевой;ВО 13-284-4/20°-9-100L4;100L4;910;4.10 - 9.50;310 - 170;4000;-;-;1400;-;-;4;80 - 100, 112 - 160, 180;910;950;10;16;485;790;425;30;750;15;990;1000;505
V13-284-9-4-25-9112M4;Осевой;ВО 13-284-4/25°-9-112M4;112M4;910;6.00 - 10.00;330 - 220;5500;-;-;1400;-;-;4;80 - 100, 112 - 160, 180;910;950;10;16;485;790;425;30;750;15;990;1000;505
V13-284-9-4-30-9132S4;Осевой;ВО 13-284-4/30°-9-132S4;132S4;910;8.30 - 12.20;340 - 290;7500;-;-;1400;-;-;4;80 - 100, 112 - 160, 180;910;950;10;16;485;790;425;30;750;15;990;1000;505
V13-284-9-6-15-9100L6;Осевой;ВО 13-284-6/15°-9-100L6;100L6;910;2.10 - 5.50;150 - 55;2200;-;-;910;-;-;6;80 - 100, 112 - 160, 180;910;950;10;16;485;790;425;30;750;15;990;1000;505
V13-284-9-6-20-9100L6;Осевой;ВО 13-284-6/20°-9-100L6;100L6;910;2.70 - 6.60;170 - 85;2200;-;-;910;-;-;6;80 - 100, 112 - 160, 180;910;950;10;16;485;790;425;30;750;15;990;1000;505
V13-284-9-6-25-9100L6;Осевой;ВО 13-284-6/25°-9-100L6;100L6;910;3.90 - 7.60;185 - 110;2200;-;-;910;-;-;6;80 - 100, 112 - 160, 180;910;950;10;16;485;790;425;30;750;15;990;1000;505
V13-284-9-6-30-9112MA6;Осевой;ВО 13-284-6/30°-9-112MA6;112MA6;910;5.10 - 8.50;195 - 140;3000;-;-;910;-;-;6;80 - 100, 112 - 160, 180;910;950;10;16;485;790;425;30;750;15;990;1000;505
V13-284-9-6-15-9100L4;Осевой;ВО 13-284-6/15°-9-100L4;100L4;910;3.30 - 8.50;365 - 135;4000;-;-;1400;-;-;6;80 - 100, 112 - 160, 180;910;950;10;16;485;790;425;30;750;15;990;1000;505
V13-284-9-6-20-9112M4;Осевой;ВО 13-284-6/20°-9-112M4;112M4;910;4.10 - 10.20;400 - 200;5500;-;-;1400;-;-;6;80 - 100, 112 - 160, 180;910;950;10;16;485;790;425;30;750;15;990;1000;505
V13-284-9-6-25-9132S4;Осевой;ВО 13-284-6/25°-9-132S4;132S4;910;6.10 - 12.90;450 - 275;7500;-;-;1420;-;-;6;80 - 100, 112 - 160, 180;910;950;10;16;485;790;425;30;750;15;990;1000;505
V13-284-9-6-30-9132M4;Осевой;ВО 13-284-6/30°-9-132M4;132M4;910;8.00 - 13.30;470 - 340;11000;-;-;1420;-;-;6;80 - 100, 112 - 160, 180;910;950;10;16;485;790;425;30;750;15;990;1000;505
V13-284-9-8-20-9100L6;Осевой;ВО 13-284-8/20°-9-100L6;100L6;910;3.00 - 6.90;190 - 90;2200;-;-;910;-;-;8;80 - 100, 112 - 160, 180;910;950;10;16;485;790;425;30;750;15;990;1000;505
V13-284-9-8-25-9112MA6;Осевой;ВО 13-284-8/25°-9-112MA6;112MA6;910;3.70 - 8.10;215 - 120;3000;-;-;910;-;-;8;80 - 100, 112 - 160, 180;910;950;10;16;485;790;425;30;750;15;990;1000;505
V13-284-9-8-30-9112MA6;Осевой;ВО 13-284-8/30°-9-112MA6;112MA6;910;5.40 - 8.80;220 - 150;3000;-;-;910;-;-;8;80 - 100, 112 - 160, 180;910;950;10;16;485;790;425;30;750;15;990;1000;505
V13-284-9-8-20-9112M4;Осевой;ВО 13-284-8/20°-9-112M4;112M4;910;4.70 - 10.70;455 - 215;5500;-;-;1400;-;-;8;80 - 100, 112 - 160, 180;910;950;10;16;485;790;425;30;750;15;990;1000;505
V13-284-9-8-25-9132M4;Осевой;ВО 13-284-8/25°-9-132M4;132M4;910;5.80 - 12.60;530 - 300;11000;-;-;1420;-;-;8;80 - 100, 112 - 160, 180;910;950;10;16;485;790;425;30;750;15;990;1000;505
V13-284-9-8-30-9132M4;Осевой;ВО 13-284-8/30°-9-132M4;132M4;910;8.50 - 13.80;545 - 365;11000;-;-;1420;-;-;8;80 - 100, 112 - 160, 180;910;950;10;16;485;790;425;30;750;15;990;1000;505
V13-284-9-10-20-9100L6;Осевой;ВО 13-284-10/20°-9-100L6;100L6;910;3.10 - 7.10;210 - 95;2200;-;-;910;-;-;10;80 - 100, 112 - 160, 180;910;950;10;16;485;790;425;30;750;15;990;1000;505
V13-284-9-10-25-9112MA6;Осевой;ВО 13-284-10/25°-9-112MA6;112MA6;910;3.80 - 8.50;245 - 135;3000;-;-;910;-;-;10;80 - 100, 112 - 160, 180;910;950;10;16;485;790;425;30;750;15;990;1000;505
V13-284-9-10-30-9112MB6;Осевой;ВО 13-284-10/30°-9-112MB6;112MB6;910;5.50 - 9.10;250 - 115;4000;-;-;910;-;-;10;80 - 100, 112 - 160, 180;910;950;10;16;485;790;425;30;750;15;990;1000;505
V13-284-9-10-20-9132S4;Осевой;ВО 13-284-10/20°-9-132S4;132S4;910;4.80 - 11.10;510 - 235;7500;-;-;1420;-;-;10;80 - 100, 112 - 160, 180;910;950;10;16;485;790;425;30;750;15;990;1000;505
V13-284-9-10-25-9132M4;Осевой;ВО 13-284-10/25°-9-132M4;132M4;910;6.00 - 13.30;600 - 330;11000;-;-;1420;-;-;10;80 - 100, 112 - 160, 180;910;950;10;16;485;790;425;30;750;15;990;1000;505
V13-284-9-10-30-9132M4;Осевой;ВО 13-284-10/30°-9-132M4;132M4;910;8.50 - 14.20;605 - 385;11000;-;-;1420;-;-;10;80 - 100, 112 - 160, 180;910;950;10;16;485;790;425;30;750;15;990;1000;505
V13-284-10-4-15-10100L6;Осевой;ВО 13-284-4/15°-10-100L6;100L6;1010;2.60 - 7.20;145 - 60;2200;-;-;910;-;-;4;100 - 160, 180;1010;1050;10;16;485;790;425;30;850;15;1090;1100;555
V13-284-10-4-20-10100L6;Осевой;ВО 13-284-4/20°-10-100L6;100L6;1010;3.70 - 8.50;165 - 90;2200;-;-;910;-;-;4;100 - 160, 180;1010;1050;10;16;485;790;425;30;850;15;1090;1100;555
V13-284-10-4-25-10100L6;Осевой;ВО 13-284-4/25°-10-100L6;100L6;1010;5.40 - 9.80;170 - 120;2200;-;-;910;-;-;4;100 - 160, 180;1010;1050;10;16;485;790;425;30;850;15;1090;1100;555
V13-284-10-4-15-10100S4;Осевой;ВО 13-284-4/15°-10-100S4;100S4;1010;4.00 - 11.00;340 - 145;3000;-;-;1400;-;-;4;100 - 160, 180;1010;1050;10;16;485;790;425;30;850;15;1090;1100;555
V13-284-10-4-20-10112M4;Осевой;ВО 13-284-4/20°-10-112M4;112M4;1010;5.80 - 13.10;385 - 210;5500;-;-;1400;-;-;4;100 - 160, 180;1010;1050;10;16;485;790;425;30;850;15;1090;1100;555
V13-284-10-4-25-10132S4;Осевой;ВО 13-284-4/25°-10-132S4;132S4;1010;8.50 - 15.30;420 - 290;7500;-;-;1420;-;-;4;100 - 160, 180;1010;1050;10;16;485;790;425;30;850;15;1090;1100;555
V13-284-10-4-30-10132M4;Осевой;ВО 13-284-4/30°-10-132M4;132M4;1010;11.70 - 17.10;435 - 370;11000;-;-;1420;-;-;4;100 - 160, 180;1010;1050;10;16;485;790;425;30;850;15;1090;1100;555
V13-284-10-6-15-10100L6;Осевой;ВО 13-284-6/15°-10-100L6;100L6;1010;3.00 - 7.60;190 - 70;2200;-;-;910;-;-;6;100 - 160, 180;1010;1050;10;16;485;790;425;30;850;15;1090;1100;555
V13-284-10-6-20-10100L6;Осевой;ВО 13-284-6/20°-10-100L6;100L6;1010;3.70 - 9.20;210 - 105;2200;-;-;910;-;-;6;100 - 160, 180;1010;1050;10;16;485;790;425;30;850;15;1090;1100;555
V13-284-10-6-25-10112MA6;Осевой;ВО 13-284-6/25°-10-112MA6;112MA6;1010;5.40 - 10.50;230 - 140;3000;-;-;910;-;-;6;100 - 160, 180;1010;1050;10;16;485;790;425;30;850;15;1090;1100;555
V13-284-10-6-15-10112M4;Осевой;ВО 13-284-6/15°-10-112M4;112M4;1010;4.60 - 11.70;450 - 170;5500;-;-;1400;-;-;6;100 - 160, 180;1010;1050;10;16;485;790;425;30;850;15;1090;1100;555
V13-284-10-6-20-10132S4;Осевой;ВО 13-284-6/20°-10-132S4;132S4;1010;5.80 - 14.30;515 - 260;7500;-;-;1420;-;-;6;100 - 160, 180;1010;1050;10;16;485;790;425;30;850;15;1090;1100;555
V13-284-10-6-25-10132M4;Осевой;ВО 13-284-6/25°-10-132M4;132M4;1010;8.50 - 16.40;555 - 340;11000;-;-;1420;-;-;6;100 - 160, 180;1010;1050;10;16;485;790;425;30;850;15;1090;1100;555
V13-284-10-6-30-10132M4;Осевой;ВО 13-284-6/30°-10-132M4;132M4;1010;11.10 - 18.30;585 - 425;11000;-;-;1420;-;-;6;100 - 160, 180;1010;1050;10;16;485;790;425;30;850;15;1090;1100;555
V13-284-10-8-20-10100L6;Осевой;ВО 13-284-8/20°-10-100L6;100L6;1010;4.20 - 9.50;240 - 115;2200;-;-;910;-;-;8;100 - 160, 180;1010;1050;10;16;485;790;425;30;850;15;1090;1100;555
V13-284-10-8-25-10112MA6;Осевой;ВО 13-284-8/25°-10-112MA6;112MA6;1010;5.20 - 11.20;270 - 155;3000;-;-;910;-;-;8;100 - 160, 180;1010;1050;10;16;485;790;425;30;850;15;1090;1100;555
V13-284-10-8-30-10112MB6;Осевой;ВО 13-284-8/30°-10-112MB6;112MB6;1010;7.50 - 12.20;275 - 185;4000;-;-;910;-;-;8;100 - 160, 180;1010;1050;10;16;485;790;425;30;850;15;1090;1100;555
V13-284-10-8-20-10132S4;Осевой;ВО 13-284-8/20°-10-132S4;132S4;1010;6.60 - 14.90;580 - 280;7500;-;-;1420;-;-;8;100 - 160, 180;1010;1050;10;16;485;790;425;30;850;15;1090;1100;555
V13-284-10-8-25-10132M4;Осевой;ВО 13-284-8/25°-10-132M4;132M4;1010;8.10 - 17.40;660 - 380;11000;-;-;1420;-;-;8;100 - 160, 180;1010;1050;10;16;485;790;425;30;850;15;1090;1100;555
V13-284-10-8-30-10160S4;Осевой;ВО 13-284-8/30°-10-160S4;160S4;1010;11.70 - 19.00;670 - 450;15000;-;-;1420;-;-;8;100 - 160, 180;1010;1050;10;16;485;790;425;30;850;15;1090;1100;555
V13-284-10-10-20-10112MA6;Осевой;ВО 13-284-10/20°-10-112MA6;112MA6;1010;4.30 - 9.80;260 - 120;3000;-;-;910;-;-;10;100 - 160, 180;1010;1050;10;16;485;790;425;30;850;15;1090;1100;555
V13-284-10-10-25-10112MB6;Осевой;ВО 13-284-10/25°-10-112MB6;112MB6;1010;5.30 - 11.70;305 - 165;4000;-;-;910;-;-;10;100 - 160, 180;1010;1050;10;16;485;790;425;30;850;15;1090;1100;555
V13-284-10-10-30-10112MB6;Осевой;ВО 13-284-10/30°-10-112MB6;112MB6;1010;7.50 - 12.50;305 - 196;4000;-;-;910;-;-;10;100 - 160, 180;1010;1050;10;16;485;790;425;30;850;15;1090;1100;555
V13-284-10-10-20-10132S4;Осевой;ВО 13-284-10/20°-10-132S4;132S4;1010;6.70 - 15.20;630 - 295;7500;-;-;1420;-;-;10;100 - 160, 180;1010;1050;10;16;485;790;425;30;850;15;1090;1100;555
V13-284-10-10-25-10132M4;Осевой;ВО 13-284-10/25°-10-132M4;132M4;1010;8.20 - 18.30;750 - 405;11000;-;-;1420;-;-;10;100 - 160, 180;1010;1050;10;16;485;790;425;30;850;15;1090;1100;555
V13-284-10-10-30-10160S4;Осевой;ВО 13-284-10/30°-10-160S4;160S4;1010;11.80 - 19.50;750 - 475;15000;-;-;1420;-;-;10;100 - 160, 180;1010;1050;10;16;485;790;425;30;850;15;1090;1100;555
V13-284-11.2-4-15-11.2112MA8;Осевой;ВО 13-284-4/15°-11,2-112MA8;112MA8;1130;2.80 - 7.70;100 - 45;2200;-;-;700;-;-;4;100 - 160, 180, 200;1130;1180;10;16;485;700;425;30;980;15;1210;1220;615
V13-284-11.2-4-20-11.2112MA8;Осевой;ВО 13-284-4/20°-11,2-112MA8;112MA8;1130;4.00 - 9.10;120 - 65;2200;-;-;700;-;-;4;100 - 160, 180, 200;1130;1180;10;16;485;700;425;30;980;15;1210;1220;615
V13-284-11.2-4-25-11.2112MA8;Осевой;ВО 13-284-4/25°-11,2-112MA8;112MA8;1130;5.80 - 10.50;125 - 85;2200;-;-;700;-;-;4;100 - 160, 180, 200;1130;1180;10;16;485;700;425;30;980;15;1210;1220;615
V13-284-11.2-4-30-11.2112MB8;Осевой;ВО 13-284-4/30°-11,2-112MB8;112MB8;1130;8.00 - 11.80;130 - 110;3000;-;-;700;-;-;4;100 - 160, 180, 200;1130;1180;10;16;485;700;425;30;980;15;1210;1220;615
V13-284-11.2-4-15-11.2112MA6;Осевой;ВО 13-284-4/15°-11,2-112MA6;112MA6;1130;3.60 - 10.00;175 - 75;3000;-;-;910;-;-;4;100 - 160, 180, 200;1130;1180;10;16;485;700;425;30;980;15;1210;1220;615
V13-284-11.2-4-20-11.2112MA6;Осевой;ВО 13-284-4/20°-11,2-112MA6;112MA6;1130;5.20 - 11.90;200 - 110;3000;-;-;910;-;-;4;100 - 160, 180, 200;1130;1180;10;16;485;700;425;30;980;15;1210;1220;615
V13-284-11.2-4-25-11.2112MB6;Осевой;ВО 13-284-4/25°-11,2-112MB6;112MB6;1130;7.60 - 13.70;215 - 150;4000;-;-;910;-;-;4;100 - 160, 180, 200;1130;1180;10;16;485;700;425;30;980;15;1210;1220;615
V13-284-11.2-4-30-11.2132S6;Осевой;ВО 13-284-4/30°-11,2-132S6;132S6;1130;10.80 - 15.90;240 - 200;5500;-;-;940;-;-;4;100 - 160, 180, 200;1130;1180;10;16;485;700;425;30;980;15;1210;1220;615
V13-284-11.2-6-15-11.2112MA8;Осевой;ВО 13-284-6/15°-11,2-112MA8;112MA8;1130;3.20 - 8.20;140 - 50;2200;-;-;700;-;-;6;100 - 160, 180, 200;1130;1180;10;16;485;700;425;30;980;15;1210;1220;615
V13-284-11.2-6-20-11.2112MA8;Осевой;ВО 13-284-6/20°-11,2-112MA8;112MA8;1130;4.00 - 9.90;155 - 75;2200;-;-;700;-;-;6;100 - 160, 180, 200;1130;1180;10;16;485;700;425;30;980;15;1210;1220;615
V13-284-11.2-6-25-11.2112MB8;Осевой;ВО 13-284-6/25°-11,2-112MB8;112MB8;1130;5.80 - 11.30;165 - 100;3000;-;-;700;-;-;6;100 - 160, 180, 200;1130;1180;10;16;485;700;425;30;980;15;1210;1220;615
V13-284-11.2-6-30-11.2112MB8;Осевой;ВО 13-284-6/30°-11,2-112MB8;112MB8;1130;7.60 - 12.60;175 - 125;3000;-;-;700;-;-;6;100 - 160, 180, 200;1130;1180;10;16;485;700;425;30;980;15;1210;1220;615
V13-284-11.2-6-15-11.2112MB6;Осевой;ВО 13-284-6/15°-11,2-112MB6;112MB6;1130;4.20 - 10.60;240 - 90;4000;-;-;910;-;-;6;100 - 160, 180, 200;1130;1180;10;16;485;700;425;30;980;15;1210;1220;615
V13-284-11.2-6-20-11.2132S6;Осевой;ВО 13-284-6/20°-11,2-132S6;132S6;1130;5.20 - 12.80;260 - 130;5500;-;-;910;-;-;6;100 - 160, 180, 200;1130;1180;10;16;485;700;425;30;980;15;1210;1220;615
V13-284-11.2-6-25-11.2132M6;Осевой;ВО 13-284-6/25°-11,2-132M6;132M6;1130;7.80 - 15.20;300 - 185;7500;-;-;940;-;-;6;100 - 160, 180, 200;1130;1180;10;16;485;700;425;30;980;15;1210;1220;615
V13-284-11.2-6-30-11.2160S6;Осевой;ВО 13-284-6/30°-11,2-160S6;160S6;1130;10.30 - 17.00;320 - 230;11000;-;-;940;-;-;6;100 - 160, 180, 200;1130;1180;10;16;650;840;580;35;1020;18;1250;1250;625
V13-284-11.2-8-20-11.2112MA8;Осевой;ВО 13-284-8/20°-11,2-112MA8;112MA8;1130;4.50 - 10.30;175 - 80;2200;-;-;700;-;-;8;100 - 160, 180, 200;1130;1180;10;16;485;700;425;30;980;15;1210;1220;615
V13-284-11.2-8-25-11.2112MB8;Осевой;ВО 13-284-8/25°-11,2-112MB8;112MB8;1130;5.50 - 12.00;200 - 110;3000;-;-;700;-;-;8;100 - 160, 180, 200;1130;1180;10;16;485;700;425;30;980;15;1210;1220;615
V13-284-11.2-8-30-11.2132S8;Осевой;ВО 13-284-8/30°-11,2-132S8;132S8;1130;8.10 - 13.10;205 - 135;4000;-;-;700;-;-;8;100 - 160, 180, 200;1130;1180;10;16;485;700;425;30;980;15;1210;1220;615
V13-284-11.2-8-20-11.2132S6;Осевой;ВО 13-284-8/20°-11,2-132S6;132S6;1130;6.10 - 13.80;320 - 150;5500;-;-;940;-;-;8;100 - 160, 180, 200;1130;1180;10;16;485;700;425;30;980;15;1210;1220;615
V13-284-11.2-8-25-11.2132M6;Осевой;ВО 13-284-8/25°-11,2-132M6;132M6;1130;7.40 - 16.10;360 - 200;7500;-;-;940;-;-;8;100 - 160, 180, 200;1130;1180;10;16;485;700;425;30;980;15;1210;1220;615
V13-284-11.2-8-30-11.2160S6;Осевой;ВО 13-284-8/30°-11,2-160S6;160S6;1130;10.90 - 17.60;370 - 240;11000;-;-;940;-;-;8;100 - 160, 180, 200;1130;1180;10;16;650;840;580;35;1020;18;1250;1250;625
V13-284-11.2-10-20-11.2112MB8;Осевой;ВО 13-284-10/20°-11,2-112MB8;112MB8;1130;4.60 - 10.50;190 - 85;3000;-;-;700;-;-;10;100 - 160, 180, 200;1130;1180;10;16;485;700;425;30;980;15;1210;1220;615
V13-284-11.2-10-25-11.2132S8;Осевой;ВО 13-284-10/25°-11,2-132S8;132S8;1130;5.70 - 12.60;225 - 120;4000;-;-;700;-;-;10;100 - 160, 180, 200;1130;1180;10;16;485;700;425;30;980;15;1210;1220;615
V13-284-11.2-10-30-11.2132S8;Осевой;ВО 13-284-10/30°-11,2-132S8;132S8;1130;8.10 - 13.50;230 - 145;4000;-;-;700;-;-;10;100 - 160, 180, 200;1130;1180;10;16;485;700;425;30;980;15;1210;1220;615
V13-284-11.2-10-20-11.2132M6;Осевой;ВО 13-284-10/20°-11,2-132M6;132M6;1130;6.20 - 14.10;340 - 160;7500;-;-;940;-;-;10;100 - 160, 180, 200;1130;1180;10;16;485;700;425;30;980;15;1210;1220;615
V13-284-11.2-10-25-11.2160S6;Осевой;ВО 13-284-10/25°-11,2-160S6;160S6;1130;7.60 - 16.90;410 - 220;11000;-;-;940;-;-;10;100 - 160, 180, 200;1130;1180;10;16;650;840;580;35;1020;18;1250;1250;625
V13-284-11.2-10-30-11.2160S6;Осевой;ВО 13-284-10/30°-11,2-160S6;160S6;1130;10.90 - 18.10;420 - 260;11000;-;-;940;-;-;10;100 - 160, 180, 200;1130;1180;10;16;650;840;580;35;1020;18;1250;1250;625
V13-284-12.5-4-15-12.5112MB8;Осевой;ВО 13-284-4/15°-12,5-112MB8;112MB8;1260;3.90 - 10.80;130 - 55;3000;-;-;700;-;-;4;112 - 132, 160 - 180, 200 - 225;1260;1300;10;16;485;700;425;30;1050;15;1340;1350;680
V13-284-12.5-4-20-12.5112MB8;Осевой;ВО 13-284-4/20°-12,5-112MB8;112MB8;1260;5.60 - 12.80;150 - 80;3000;-;-;700;-;-;4;112 - 132, 160 - 180, 200 - 225;1260;1300;10;16;485;700;425;30;1050;15;1340;1350;680
V13-284-12.5-4-25-12.5112MB8;Осевой;ВО 13-284-4/25°-12,5-112MB8;112MB8;1260;8.20 - 14.70;160 - 110;3000;-;-;700;-;-;4;112 - 132, 160 - 180, 200 - 225;1260;1300;10;16;485;700;425;30;1050;15;1340;1350;680
V13-284-12.5-4-30-12.5112MB8;Осевой;ВО 13-284-4/30°-12,5-112MB8;112MB8;1260;11.20 - 16.50;165 - 140;3000;-;-;700;-;-;4;112 - 132, 160 - 180, 200 - 225;1260;1300;10;16;485;700;425;30;1050;15;1340;1350;680
V13-284-12.5-4-15-12.5112MB6;Осевой;ВО 13-284-4/15°-12,5-112MB6;112MB6;1260;5.10 - 14.00;220 - 95;4000;-;-;910;-;-;4;112 - 132, 160 - 180, 200 - 225;1260;1300;10;16;485;700;425;30;1050;15;1340;1350;680
V13-284-12.5-4-20-12.5112MB6;Осевой;ВО 13-284-4/20°-12,5-112MB6;112MB6;1260;7.30 - 16.60;255 - 140;4000;-;-;910;-;-;4;112 - 132, 160 - 180, 200 - 225;1260;1300;10;16;485;700;425;30;1050;15;1340;1350;680
V13-284-12.5-4-25-12.5132S6;Осевой;ВО 13-284-4/25°-12,5-132S6;132S6;1260;10.90 - 19.80;290 - 200;5500;-;-;940;-;-;4;112 - 132, 160 - 180, 200 - 225;1260;1300;10;16;485;700;425;30;1050;15;1340;1350;680
V13-284-12.5-4-30-12.5132M6;Осевой;ВО 13-284-4/30°-12,5-132M6;132M6;1260;15.10 - 22.10;300 - 255;7500;-;-;940;-;-;4;112 - 132, 160 - 180, 200 - 225;1260;1300;10;16;485;700;425;30;1050;15;1340;1350;680
V13-284-12.5-6-15-12.5112MB8;Осевой;ВО 13-284-6/15°-12,5-112MB8;112MB8;1260;4.50 - 11.40;175 - 65;3000;-;-;700;-;-;6;112 - 132, 160 - 180, 200 - 225;1260;1300;10;16;485;700;425;30;1050;15;1340;1350;680
V13-284-12.5-6-20-12.5112MB8;Осевой;ВО 13-284-6/20°-12,5-112MB8;112MB8;1260;5.60 - 13.80;195 - 100;3000;-;-;700;-;-;6;112 - 132, 160 - 180, 200 - 225;1260;1300;10;16;485;700;425;30;1050;15;1340;1350;680
V13-284-12.5-6-25-12.5132S8;Осевой;ВО 13-284-6/25°-12,5-132S8;132S8;1260;8.20 - 15.70;210 - 130;4000;-;-;700;-;-;6;112 - 132, 160 - 180, 200 - 225;1260;1300;10;16;485;700;425;30;1050;15;1340;1350;680
V13-284-12.5-6-30-12.5132S8;Осевой;ВО 13-284-6/30°-12,5-132S8;132S8;1260;10.70 - 17.60;220 - 160;4000;-;-;700;-;-;6;112 - 132, 160 - 180, 200 - 225;1260;1300;10;16;485;700;425;30;1050;15;1340;1350;680
V13-284-12.5-6-15-12.5112MB6;Осевой;ВО 13-284-6/15°-12,5-112MB6;112MB6;1260;5.80 - 14.80;295 - 110;4000;-;-;910;-;-;6;112 - 132, 160 - 180, 200 - 225;1260;1300;10;16;485;700;425;30;1050;15;1340;1350;680
V13-284-12.5-6-20-12.5132M6;Осевой;ВО 13-284-6/20°-12,5-132M6;132M6;1260;7.60 - 18.50;350 - 175;7500;-;-;940;-;-;6;112 - 132, 160 - 180, 200 - 225;1260;1300;10;16;485;700;425;30;1050;15;1340;1350;680
V13-284-12.5-6-25-12.5160S6;Осевой;ВО 13-284-6/25°-12,5-160S6;160S6;1260;10.90 - 21.10;380 - 235;11000;-;-;940;-;-;6;112 - 132, 160 - 180, 200 - 225;1260;1300;10;16;650;840;580;35;1120;18;1390;1390;695
V13-284-12.5-6-30-12.5160S6;Осевой;ВО 13-284-6/30°-12,5-160S6;160S6;1260;14.30 - 23.70;400 - 290;11000;-;-;940;-;-;6;112 - 132, 160 - 180, 200 - 225;1260;1300;10;16;650;840;580;35;1120;18;1390;1390;695
V13-284-12.5-8-20-12.5132S8;Осевой;ВО 13-284-8/20°-12,5-132S8;132S8;1260;6.30 - 14.30;220 - 105;4000;-;-;700;-;-;8;112 - 132, 160 - 180, 200 - 225;1260;1300;10;16;485;700;425;30;1050;15;1340;1350;680
V13-284-12.5-8-25-12.5132S8;Осевой;ВО 13-284-8/25°-12,5-132S8;132S8;1260;7.80 - 16.80;250 - 145;4000;-;-;700;-;-;8;112 - 132, 160 - 180, 200 - 225;1260;1300;10;16;485;700;425;30;1050;15;1340;1350;680
V13-284-12.5-8-30-12.5132M8;Осевой;ВО 13-284-8/30°-12,5-132M8;132M8;1260;11.30 - 18.30;255 - 170;5500;-;-;700;-;-;8;112 - 132, 160 - 180, 200 - 225;1260;1300;10;16;485;700;425;30;1050;15;1340;1350;680
V13-284-12.5-8-20-12.5132M6;Осевой;ВО 13-284-8/20°-12,5-132M6;132M6;1260;8.50 - 19.30;400 - 190;7500;-;-;940;-;-;8;112 - 132, 160 - 180, 200 - 225;1260;1300;10;16;485;700;425;30;1050;15;1340;1350;680
V13-284-12.5-8-25-12.5160S6;Осевой;ВО 13-284-8/25°-12,5-160S6;160S6;1260;10.40 - 22.50;450 - 260;11000;-;-;940;-;-;8;112 - 132, 160 - 180, 200 - 225;1260;1300;10;16;650;840;580;35;1120;18;1390;1390;695
V13-284-12.5-8-30-12.5160M6;Осевой;ВО 13-284-8/30°-12,5-160M6;160M6;1260;15.20 - 24.60;460 - 310;15000;-;-;940;-;-;8;112 - 132, 160 - 180, 200 - 225;1260;1300;10;16;650;840;580;35;1120;18;1390;1390;695
V13-284-12.5-10-20-12.5132S8;Осевой;ВО 13-284-10/20°-12,5-132S8;132S8;1260;6.50 - 14.70;240 - 110;4000;-;-;700;-;-;10;112 - 132, 160 - 180, 200 - 225;1260;1300;10;16;485;700;425;30;1050;15;1340;1350;680
V13-284-12.5-10-25-12.5132S8;Осевой;ВО 13-284-10/25°-12,5-132S8;132S8;1260;7.90 - 17.60;285 - 155;4000;-;-;700;-;-;10;112 - 132, 160 - 180, 200 - 225;1260;1300;10;16;485;700;425;30;1050;15;1340;1350;680
V13-284-12.5-10-30-12.5132M8;Осевой;ВО 13-284-10/30°-12,5-132M8;132M8;1260;11.40 - 18.80;285 - 180;5500;-;-;700;-;-;10;112 - 132, 160 - 180, 200 - 225;1260;1300;10;16;485;700;425;30;1050;15;1340;1350;680
V13-284-12.5-10-20-12.5132M6;Осевой;ВО 13-284-10/20°-12,5-132M6;132M6;1260;8.70 - 19.70;435 - 200;7500;-;-;940;-;-;10;112 - 132, 160 - 180, 200 - 225;1260;1300;10;16;485;700;425;30;1050;15;1340;1350;680
V13-284-12.5-10-25-12.5160S6;Осевой;ВО 13-284-10/25°-12,5-160S6;160S6;1260;10.60 - 23.60;515 - 280;11000;-;-;940;-;-;10;112 - 132, 160 - 180, 200 - 225;1260;1300;10;16;650;840;580;35;1120;18;1390;1390;695
V13-284-12.5-10-30-12.5160M6;Осевой;ВО 13-284-10/30°-12,5-160M6;160M6;1260;15.20 - 25.20;515 - 325;15000;-;-;940;-;-;10;112 - 132, 160 - 180, 200 - 225;1260;1300;10;16;650;840;580;35;1120;18;1390;1390;695
V13-284-16-4-15-16160M8;Осевой;ВО 13-284-4/15°-16-160M8;160M8;1615;8.50 - 23.30;230 - 98;11000;-;-;720;-;-;4;160 - 250;1615;1700;12;28;1000;1200;900;50;1650;24;1760;1760;880
V13-284-16-4-20-16160M8;Осевой;ВО 13-284-4/20°-16-160M8;160M8;1615;12.10 - 27.50;260 - 145;11000;-;-;720;-;-;4;160 - 250;1615;1700;12;28;1000;1200;900;50;1650;24;1760;1760;880
V13-284-16-4-25-16160M8;Осевой;ВО 13-284-4/25°-16-160M8;160M8;1615;17.60 - 31.80;275 - 190;11000;-;-;720;-;-;4;160 - 250;1615;1700;12;28;1000;1200;900;50;1650;24;1760;1760;880
V13-284-16-4-30-16160M8;Осевой;ВО 13-284-4/30°-16-160M8;160M8;1615;24.30 - 35.50;285 - 245;11000;-;-;720;-;-;4;160 - 250;1615;1700;12;28;1000;1200;900;50;1650;24;1760;1760;880
V13-284-16-6-15-16160M8;Осевой;ВО 13-284-6/15°-16-160M8;160M8;1615;9.70 - 24.60;305 - 115;11000;-;-;720;-;-;6;160 - 250;1615;1700;12;28;1000;1200;900;50;1650;24;1760;1760;880
V13-284-16-6-20-16160M8;Осевой;ВО 13-284-6/20°-16-160M8;160M8;1615;12.10 - 29.70;340 - 170;11000;-;-;720;-;-;6;160 - 250;1615;1700;12;28;1000;1200;900;50;1650;24;1760;1760;880
V13-284-16-6-25-16180M8;Осевой;ВО 13-284-6/25°-16-180M8;180M8;1615;17.60 - 34.00;365 - 225;15000;-;-;720;-;-;6;160 - 250;1615;1700;12;28;1000;1200;900;50;1650;24;1760;1760;880
V13-284-16-6-30-16180M8;Осевой;ВО 13-284-6/30°-16-180M8;180M8;1615;23.00 - 38.10;385 - 280;15000;-;-;720;-;-;6;160 - 250;1615;1700;12;28;1000;1200;900;50;1650;24;1760;1760;880
V13-284-16-8-20-16160M8;Осевой;ВО 13-284-8/20°-16-160M8;160M8;1615;13.70 - 30.90;385 - 185;11000;-;-;720;-;-;8;160 - 250;1615;1700;12;28;1000;1200;900;50;1650;24;1760;1760;880
V13-284-16-8-25-16180M8;Осевой;ВО 13-284-8/25°-16-180M8;180M8;1615;16.70 - 36.10;435 - 250;15000;-;-;720;-;-;8;160 - 250;1615;1700;12;28;1000;1200;900;50;1650;24;1760;1760;880
V13-284-16-8-30-16180M8;Осевой;ВО 13-284-8/30°-16-180M8;180M8;1615;24.40 - 39.50;445 - 300;15000;-;-;720;-;-;8;160 - 250;1615;1700;12;28;1000;1200;900;50;1650;24;1760;1760;880
V13-284-16-10-20-16160M8;Осевой;ВО 13-284-10/20°-16-160M8;160M8;1615;13.90 - 31.70;415 - 195;11000;-;-;720;-;-;10;160 - 250;1615;1700;12;28;1000;1200;900;50;1650;24;1760;1760;880
V13-284-16-10-25-16180M8;Осевой;ВО 13-284-10/25°-16-180M8;180M8;1615;17.10 - 38.00;495 - 270;15000;-;-;720;-;-;10;160 - 250;1615;1700;12;28;1000;1200;900;50;1650;24;1760;1760;880
V13-284-16-10-30-16200L8;Осевой;ВО 13-284-10/30°-16-200L8;200L8;1615;24.50 - 40.60;495 - 315;22000;-;-;720;-;-;10;160 - 250;1615;1700;12;28;1000;1200;900;50;1650;24;1760;1760;880
V13-284-20-4-15-20225M8;Осевой;ВО 13-284-4/15°-20-225M8;225M8;2020;16.60 - 45.50;360 - 155;30000;-;-;720;-;-;4;225 - 315;2020;2080;14;28;1120;1500;1000;60;1750;28;2220;2220;1110
V13-284-20-4-20-20225M8;Осевой;ВО 13-284-4/20°-20-225M8;225M8;2020;23.70 - 53.80;410 - 225;30000;-;-;720;-;-;4;225 - 315;2020;2080;14;28;1120;1500;1000;60;1750;28;2220;2220;1110
V13-284-20-4-25-20225M8;Осевой;ВО 13-284-4/25°-20-225M8;225M8;2020;34.30 - 62.00;430 - 300;30000;-;-;720;-;-;4;225 - 315;2020;2080;14;28;1120;1500;1000;60;1750;28;2220;2220;1110
V13-284-20-4-30-20250S8;Осевой;ВО 13-284-4/30°-20-250S8;250S8;2020;47.30 - 69.40;450 - 380;37000;-;-;720;-;-;4;225 - 315;2020;2080;14;28;1120;1500;1000;60;1750;28;2220;2220;1110
V13-284-20-6-15-20225M8;Осевой;ВО 13-284-6/15°-20-225M8;225M8;2020;19.00 - 48.10;475 - 180;30000;-;-;720;-;-;6;225 - 315;2020;2080;14;28;1120;1500;1000;60;1750;28;2220;2220;1110
V13-284-20-6-20-20225M8;Осевой;ВО 13-284-6/20°-20-225M8;225M8;2020;23.70 - 58.00;530 - 265;30000;-;-;720;-;-;6;225 - 315;2020;2080;14;28;1120;1500;1000;60;1750;28;2220;2220;1110
V13-284-20-6-25-20250S8;Осевой;ВО 13-284-6/25°-20-250S8;250S8;2020;34.30 - 66.30;570 - 350;37000;-;-;720;-;-;6;225 - 315;2020;2080;14;28;1120;1500;1000;60;1750;28;2220;2220;1110
V13-284-20-6-30-20280S8;Осевой;ВО 13-284-6/30°-20-280S8;280S8;2020;45.00 - 74.40;605 - 435;55000;-;-;720;-;-;6;225 - 315;2020;2080;14;28;1120;1500;1000;60;1750;28;2220;2220;1110
V13-284-20-8-20-20225M8;Осевой;ВО 13-284-8/20°-20-225M8;225M8;2020;26.80 - 60.40;600 - 285;30000;-;-;720;-;-;8;225 - 315;2020;2080;14;28;1120;1500;1000;60;1750;28;2220;2220;1110
V13-284-20-8-25-20250M8;Осевой;ВО 13-284-8/25°-20-250M8;250M8;2020;32.70 - 70.60;680 - 390;45000;-;-;720;-;-;8;225 - 315;2020;2080;14;28;1120;1500;1000;60;1750;28;2220;2220;1110
V13-284-20-8-30-20280S8;Осевой;ВО 13-284-8/30°-20-280S8;280S8;2020;47.60 - 77.00;690 - 465;55000;-;-;720;-;-;8;225 - 315;2020;2080;14;28;1120;1500;1000;60;1750;28;2220;2220;1110
V13-284-20-10-20-20250S8;Осевой;ВО 13-284-10/20°-20-250S8;250S8;2020;27.20 - 61.80;650 - 305;37000;-;-;720;-;-;10;225 - 315;2020;2080;14;28;1120;1500;1000;60;1750;28;2220;2220;1110
V13-284-20-10-25-20280S8;Осевой;ВО 13-284-10/25°-20-280S8;280S8;2020;33.40 - 74.10;770 - 420;55000;-;-;720;-;-;10;225 - 315;2020;2080;14;28;1120;1500;1000;60;1750;28;2220;2220;1110
V13-284-20-10-30-20280M8;Осевой;ВО 13-284-10/30°-20-280M8;280M8;2020;47.80 - 79.20;770 - 490;75000;-;-;720;-;-;10;225 - 315;2020;2080;14;28;1120;1500;1000;60;1750;28;2220;2220;1110
V13-284-4-12k-25-456А4;Осевой;ВО 13-284-12к/25°-4-56А4;56А4;405;0.47 - 0.78;150 - 60;120;-;-;1370;-;-;12;56 - 100;405;440;10;8;285;425;225;30;260;15;475;495;255
V13-284-4-12k-30-456В4;Осевой;ВО 13-284-12к/30°-4-56В4;56В4;405;0.58 - 0.94;160 - 80;180;-;-;1370;-;-;12;56 - 100;405;440;10;8;285;425;225;30;260;15;475;495;255
V13-284-4-12k-35-463А4;Осевой;ВО 13-284-12к/35°-4-63А4;63А4;405;0.69 - 1.01;175 - 110;250;-;-;1370;-;-;12;56 - 100;405;440;10;8;285;425;225;30;260;15;475;495;255
V13-284-4-12k-40-463А4;Осевой;ВО 13-284-12к/40°-4-63А4;63А4;405;0.75 - 1.17;185 - 130;250;-;-;1370;-;-;12;56 - 100;405;440;10;8;285;425;225;30;260;15;475;495;255
V13-284-4-12k-45-463В4;Осевой;ВО 13-284-12к/45°-4-63В4;63В4;405;0.90 - 1.29;195 - 160;370;-;-;1370;-;-;12;56 - 100;405;440;10;8;285;425;225;30;260;15;475;495;255
V13-284-4-12k-25-471В2;Осевой;ВО 13-284-12к/25°-4-71В2;71В2;405;0.95 - 1.60;620 - 245;1100;-;-;2800;-;-;12;56 - 100;405;440;10;8;285;425;225;30;260;15;475;495;255
V13-284-4-12k-30-480А2;Осевой;ВО 13-284-12к/30°-4-80А2;80А2;405;1.18 - 1.92;660 - 330;1500;-;-;2800;-;-;12;56 - 100;405;440;10;8;285;425;225;30;260;15;475;495;255
V13-284-4-12k-35-480В2;Осевой;ВО 13-284-12к/35°-4-80В2;80В2;405;1.40 - 2.14;735 - 455;2200;-;-;2800;-;-;12;56 - 100;405;440;10;8;285;425;225;30;260;15;475;495;255
V13-284-4-12k-40-480В2;Осевой;ВО 13-284-12к/40°-4-80В2;80В2;405;1.50 - 2.40;770 - 540;2200;-;-;2800;-;-;12;56 - 100;405;440;10;8;285;425;225;30;260;15;475;495;255
V13-284-4-12k-45-490L2;Осевой;ВО 13-284-12к/45°-4-90L2;90L2;405;1.90 - 2.70;850 - 680;3000;-;-;2840;-;-;12;56 - 100;405;440;10;8;285;425;225;30;260;15;475;495;255
V13-284-5-12k-25-563В4;Осевой;ВО 13-284-12к/25°-5-63В4;63В4;505;0.90 - 1.50;230 - 90;370;-;-;1370;-;-;12;56 - 90, 100;505;540;10;16;285;380;225;30;380;15;575;595;305
V13-284-5-12k-30-571А4;Осевой;ВО 13-284-12к/30°-5-71А4;71А4;505;1.10 - 1.80;245 - 125;550;-;-;1370;-;-;12;56 - 90, 100;505;540;10;16;285;380;225;30;380;15;575;595;305
V13-284-5-12k-35-571В4;Осевой;ВО 13-284-12к/35°-5-71В4;71В4;505;1.30 - 2.00;275 - 170;750;-;-;1370;-;-;12;56 - 90, 100;505;540;10;16;285;380;225;30;380;15;575;595;305
V13-284-5-12k-40-571В4;Осевой;ВО 13-284-12к/40°-5-71В4;71В4;505;1.50 - 2.30;290 - 200;750;-;-;1370;-;-;12;56 - 90, 100;505;540;10;16;285;380;225;30;380;15;575;595;305
V13-284-5-12k-45-580А4;Осевой;ВО 13-284-12к/45°-5-80А4;80А4;505;1.80 - 2.50;310 - 245;1100;-;-;1370;-;-;12;56 - 90, 100;505;540;10;16;285;380;225;30;380;15;575;595;305
V13-284-5.6-12k-25-5100S2;Осевой;ВО 13-284-12к/25°-5,6-100S2;100S2;565;1.90 - 3.20;990 - 400;4000;-;-;2840;-;-;12;63 - 80, 90 - 132;565;600;10;16;385;580;325;30;440;15;635;655;335
V13-284-5.6-12k-30-5100L2;Осевой;ВО 13-284-12к/30°-5,6-100L2;100L2;565;2.30 - 3.80;1060 - 530;5500;-;-;2840;-;-;12;63 - 80, 90 - 132;565;600;10;16;385;580;325;30;440;15;635;655;335
V13-284-5.6-12k-35-5100L2;Осевой;ВО 13-284-12к/35°-5,6-100L2;100L2;565;2.80 - 4.20;1185 - 730;5500;-;-;2840;-;-;12;63 - 80, 90 - 132;565;600;10;16;385;580;325;30;440;15;635;655;335
V13-284-5.6-12k-40-5112M2;Осевой;ВО 13-284-12к/40°-5,6-112M2;112M2;565;3.00 - 4.70;1240 - 870;7500;-;-;2840;-;-;12;63 - 80, 90 - 132;565;600;10;16;385;580;325;30;440;15;635;655;335
V13-284-5.6-12k-45-5132M2;Осевой;ВО 13-284-12к/45°-5,6-132M2;132M2;565;3.70 - 5.20;1325 - 1060;11000;-;-;2840;-;-;12;63 - 80, 90 - 132;565;600;10;16;385;580;325;30;440;15;635;655;335
V13-284-6.3-12k-25-6.380В4;Осевой;ВО 13-284-12к/25°-6,3-80В4;80В4;635;1.80 - 3.10;365 - 145;1500;-;-;1370;-;-;12;63 - 132;635;670;10;16;385;580;325;30;500;15;705;725;370
V13-284-6.3-12k-30-6.390L4;Осевой;ВО 13-284-12к/30°-6,3-90L4;90L4;635;2.30 - 3.70;410 - 205;2200;-;-;1400;-;-;12;63 - 132;635;670;10;16;385;580;325;30;500;15;705;725;370
V13-284-6.3-12k-35-6.390L4;Осевой;ВО 13-284-12к/35°-6,3-90L4;90L4;635;2.70 - 4.20;460 - 280;2200;-;-;1400;-;-;12;63 - 132;635;670;10;16;385;580;325;30;500;15;705;725;370
V13-284-6.3-12k-40-6.3100S4;Осевой;ВО 13-284-12к/40°-6,3-100S4;100S4;635;3.00 - 4.70;480 - 335;3000;-;-;1400;-;-;12;63 - 132;635;670;10;16;385;580;325;30;500;15;705;725;370
V13-284-6.3-12k-45-6.3100L4;Осевой;ВО 13-284-12к/45°-6,3-100L4;100L4;635;3.60 - 5.20;510 - 410;4000;-;-;1400;-;-;12;63 - 132;635;670;10;16;385;580;325;30;500;15;705;725;370
V13-284-8-12k-25-890L6;Осевой;ВО 13-284-12к/25°-8-90L6;90L6;810;2.50 - 4.20;260 - 105;1500;-;-;910;-;-;12;80 - 100, 112 - 160;810;850;10;16;385;485;325;30;650;15;880;900;455
V13-284-8-12k-30-8100L6;Осевой;ВО 13-284-12к/30°-8-100L6;100L6;810;3.10 - 5.00;280 - 140;2200;-;-;910;-;-;12;80 - 100, 112 - 160;810;850;10;16;385;485;325;30;650;15;880;900;455
V13-284-8-12k-35-8100L6;Осевой;ВО 13-284-12к/35°-8-100L6;100L6;810;3.60 - 5.60;310 - 190;2200;-;-;910;-;-;12;80 - 100, 112 - 160;810;850;10;16;385;485;325;30;650;15;880;900;455
V13-284-8-12k-40-8112MA6;Осевой;ВО 13-284-12к/40°-8-112MA6;112MA6;810;4.00 - 6.20;325 - 230;3000;-;-;910;-;-;12;80 - 100, 112 - 160;810;850;10;16;485;750;425;30;650;15;880;900;455
V13-284-8-12k-45-8112MB6;Осевой;ВО 13-284-12к/45°-8-112MB6;112MB6;810;4.80 - 6.90;350 - 280;4000;-;-;910;-;-;12;80 - 100, 112 - 160;810;850;10;16;485;750;425;30;650;15;880;900;455
V13-284-10-12k-25-8112M4;Осевой;ВО 13-284-12к/25°-10-112M4;112M4;1010;3.80 - 6.40;620 - 250;5500;-;-;1400;-;-;12;100 - 160, 180;1010;1050;10;16;485;790;425;30;850;15;1090;1100;555
V13-284-10-12k-30-8132S4;Осевой;ВО 13-284-12к/30°-10-132S4;132S4;1010;4.70 - 7.70;660 - 330;7500;-;-;1400;-;-;12;100 - 160, 180;1010;1050;10;16;485;790;425;30;850;15;1090;1100;555
V13-284-10-12k-35-8132S4;Осевой;ВО 13-284-12к/35°-10-132S4;132S4;1010;5.60 - 8.50;740 - 455;7500;-;-;1400;-;-;12;100 - 160, 180;1010;1050;10;16;485;790;425;30;850;15;1090;1100;555
V13-284-10-12k-40-8132M4;Осевой;ВО 13-284-12к/40°-10-132M4;132M4;1010;6.20 - 9.60;775 - 540;11000;-;-;1400;-;-;12;100 - 160, 180;1010;1050;10;16;485;790;425;30;850;15;1090;1100;555
V13-284-10-12k-45-8132M4;Осевой;ВО 13-284-12к/45°-10-132M4;132M4;1010;7.40 - 10.60;825 - 660;11000;-;-;1400;-;-;12;100 - 160, 180;1010;1050;10;16;485;790;425;30;850;15;1090;1100;555
V13-284-10-12k-25-10112МВ6;Осевой;ВО 13-284-12к/25°-10-112МВ6;112МВ6;1010;4.90 - 8.10;410 - 165;4000;-;-;910;-;-;12;100 - 160, 180;1010;1050;10;16;485;790;425;30;850;15;1090;1100;555
V13-284-10-12k-30-10132S6;Осевой;ВО 13-284-12к/30°-10-132S6;132S6;1010;6.00 - 9.70;435 - 220;5500;-;-;910;-;-;12;100 - 160, 180;1010;1050;10;16;485;790;425;30;850;15;1090;1100;555
V13-284-10-12k-35-10132M6;Осевой;ВО 13-284-12к/35°-10-132M6;132M6;1010;7.40 - 11.30;530 - 325;7500;-;-;950;-;-;12;100 - 160, 180;1010;1050;10;16;485;790;425;30;850;15;1090;1100;555
V13-284-10-12k-40-10160S6;Осевой;ВО 13-284-12к/40°-10-160S6;160S6;1010;8.20 - 12.70;555 - 390;11000;-;-;950;-;-;12;100 - 160, 180;1010;1050;10;16;485;790;425;30;850;15;1090;1100;555
V13-284-10-12k-45-10160S6;Осевой;ВО 13-284-12к/45°-10-160S6;160S6;1010;9.80 - 14.00;595 - 475;11000;-;-;950;-;-;12;100 - 160, 180;1010;1050;10;16;485;790;425;30;850;15;1090;1100;555
V13-284-10-12k-25-10160S4;Осевой;ВО 13-284-12к/25°-10-160S4;160S4;1010;7.50 - 12.50;965 - 385;15000;-;-;1400;-;-;12;100 - 160, 180;1010;1050;10;16;485;790;425;30;850;15;1090;1100;555
V13-284-10-12k-30-10160M4;Осевой;ВО 13-284-12к/30°-10-160M4;160M4;1010;9.20 - 15.00;1030 - 515;18500;-;-;1400;-;-;12;100 - 160, 180;1010;1050;10;16;485;790;425;30;850;15;1090;1100;555
V13-284-10-12k-35-10180M4;Осевой;ВО 13-284-12к/35°-10-180M4;180M4;1010;11.00 - 16.70;1155 - 710;30000;-;-;1400;-;-;12;100 - 160, 180;1010;1050;10;16;600;800;530;35;910;18;1140;1140;570
V13-284-10-12k-40-10180M4;Осевой;ВО 13-284-12к/40°-10-180M4;180M4;1010;12.10 - 18.70;1210 - 850;30000;-;-;1400;-;-;12;100 - 160, 180;1010;1050;10;16;600;800;530;35;910;18;1140;1140;570
V13-284-10-12k-45-10200M4;Осевой;ВО 13-284-12к/45°-10-200M4;200M4;1010;14.80 - 21.20;1365 - 1100;37000;-;-;1440;-;-;12;100 - 160, 180;1010;1050;10;16;700;890;630;35;910;18;1140;1140;570
V13-284-12.5-12k-25-12.5132M8;Осевой;ВО 13-284-12к/25°-12,5-132M8;132M8;1260;7.30 - 12.20;380 - 150;5500;-;-;700;-;-;12;112 - 132, 160 - 180, 200 - 225;1260;1300;10;16;485;700;425;30;1050;15;1340;1350;680
V13-284-12.5-12k-30-12.5160S8;Осевой;ВО 13-284-12к/30°-12,5-160S8;160S8;1260;9.00 - 14.60;405 - 200;7500;-;-;700;-;-;12;112 - 132, 160 - 180, 200 - 225;1260;1300;10;16;650;840;580;35;1120;18;1390;1390;695
V13-284-12.5-12k-35-12.5160M8;Осевой;ВО 13-284-12к/35°-12,5-160M8;160M8;1260;10.70 - 16.30;450 - 275;11000;-;-;700;-;-;12;112 - 132, 160 - 180, 200 - 225;1260;1300;10;16;650;840;580;35;1120;18;1390;1390;695
V13-284-12.5-12k-40-12.5160M8;Осевой;ВО 13-284-12к/40°-12,5-160M8;160M8;1260;11.80 - 18.30;470 - 330;11000;-;-;700;-;-;12;112 - 132, 160 - 180, 200 - 225;1260;1300;10;16;650;840;580;35;1120;18;1390;1390;695
V13-284-12.5-12k-45-12.5180M8;Осевой;ВО 13-284-12к/45°-12,5-180M8;180M8;1260;14.10 - 20.10;505 - 405;15000;-;-;700;-;-;12;112 - 132, 160 - 180, 200 - 225;1260;1300;10;16;650;840;580;35;1120;18;1390;1390;695
V13-284-12.5-12k-25-12.5160M6;Осевой;ВО 13-284-12к/25°-12,5-160M6;160M6;1260;9.90 - 16.60;695 - 280;15000;-;-;950;-;-;12;112 - 132, 160 - 180, 200 - 225;1260;1300;10;16;650;840;580;35;1120;18;1390;1390;695
V13-284-12.5-12k-30-12.5180M6;Осевой;ВО 13-284-12к/30°-12,5-180M6;180M6;1260;12.20 - 19.80;740 - 370;18500;-;-;950;-;-;12;112 - 132, 160 - 180, 200 - 225;1260;1300;10;16;650;840;580;35;1120;18;1390;1390;695
V13-284-12.5-12k-35-12.5200M6;Осевой;ВО 13-284-12к/35°-12,5-200M6;200M6;1260;14.50 - 22.10;830 - 510;22000;-;-;950;-;-;12;112 - 132, 160 - 180, 200 - 225;1260;1300;10;16;750;970;680;35;1120;18;1390;1390;695
V13-284-12.5-12k-40-12.5200L6;Осевой;ВО 13-284-12к/40°-12,5-200L6;200L6;1260;16.00 - 24.80;870 - 610;30000;-;-;950;-;-;12;112 - 132, 160 - 180, 200 - 225;1260;1300;10;16;750;970;680;35;1120;18;1390;1390;695
V13-284-12.5-12k-45-12.5225M6;Осевой;ВО 13-284-12к/45°-12,5-225M6;225M6;1260;19.10 - 27.30;930 - 740;37000;-;-;950;-;-;12;112 - 132, 160 - 180, 200 - 225;1260;1300;10;16;750;970;680;35;1120;18;1390;1390;695
V13-284-16-12k-25-16200M8;Осевой;ВО 13-284-12к/25°-16-200M8;200M8;1615;15.30 - 25.60;620 - 250;18500;-;-;700;-;-;12;160 - 250;1615;1700;12;28;1000;1200;900;50;1650;24;1760;1760;880
V13-284-16-12k-30-16225M8;Осевой;ВО 13-284-12к/30°-16-225M8;225M8;1615;18.90 - 30.70;660 - 330;30000;-;-;700;-;-;12;160 - 250;1615;1700;12;28;1000;1200;900;50;1650;24;1760;1760;880
V13-284-16-12k-35-16250S8;Осевой;ВО 13-284-12к/35°-16-250S8;250S8;1615;22.40 - 34.20;740 - 450;37000;-;-;700;-;-;12;160 - 250;1615;1700;12;28;1000;1200;900;50;1650;24;1760;1760;880
V13-284-16-12k-40-16250S8;Осевой;ВО 13-284-12к/40°-16-250S8;250S8;1615;24.80 - 38.20;775 - 540;37000;-;-;700;-;-;12;160 - 250;1615;1700;12;28;1000;1200;900;50;1650;24;1760;1760;880
V13-284-16-12k-45-16250M8;Осевой;ВО 13-284-12к/45°-16-250M8;250M8;1615;29.50 - 42.20;825 - 660;45000;-;-;700;-;-;12;160 - 250;1615;1700;12;28;1000;1200;900;50;1650;24;1760;1760;880
V13-284-20-12k-25-20280M8;Осевой;ВО 13-284-12к/25°-20-280M8;280M8;2020;30.00 - 50.00;970 - 390;75000;-;-;700;-;-;12;225 - 315;2020;2080;14;28;1120;1500;1000;60;1750;28;2220;2220;1110
V13-284-20-12k-30-20280M8;Осевой;ВО 13-284-12к/30°-20-280M8;280M8;2020;37.00 - 60.00;1030 - 515;75000;-;-;700;-;-;12;225 - 315;2020;2080;14;28;1120;1500;1000;60;1750;28;2220;2220;1110
V13-284-20-12k-35-20315M8;Осевой;ВО 13-284-12к/35°-20-315M8;315M8;2020;44.00 - 67.00;1155 - 710;110000;-;-;700;-;-;12;225 - 315;2020;2080;14;28;1120;1500;1000;60;1750;28;2220;2220;1110
